經典A,經典B,相似度
32-Pure32,32-Pure32,1.0
32-Pure32,32-X0459,0.19327731092436976
32-Pure32,32-X0461,0.15333333333333332
32-Pure32,32-X0489,0.19166666666666668
32-Pure32,32-X0503,1.0
32-Pure32,32-X0494,0.7419354838709677
32-Pure32,32-X0498,0.5609756097560976
32-Pure32,32-X0485,0.39655172413793105
32-Pure32,32-X0501,0.22115384615384615
32-Pure32,32-X0497,0.22549019607843138
32-Pure32,32-X0469,0.25
32-Pure32,32-X0468,0.1503267973856209
32-Pure32,32-D8838,0.1513157894736842
32-Pure32,32-X0486,0.32857142857142857
32-Pure32,32-X0502,0.025498891352549888
32-Pure32,32-X0504,0.116751269035533
32-Pure32,32-X0510,0.08333333333333333
32-Pure32,32-X0483,0.2169811320754717
32-Pure32,X0454,0.12432432432432433
32-Pure32,X0506,0.41935483870967744
32-Pure32,X0509,0.5789473684210527
32-Pure32,X0496,0.46511627906976744
32-Pure32,X0482,0.31343283582089554
32-Pure32,X0508,0.475
32-Pure32,X0456,0.09663865546218488
32-Pure32,27-Pure27,0.43478260869565216
32-Pure32,27-T2735,0.09055118110236221
32-Pure32,27-T1701,0.14743589743589744
32-Pure32,27-T1703,0.2948717948717949
32-Pure32,27-X0500,0.20909090909090908
32-Pure32,27-X0495,0.3620689655172414
32-Pure32,27-X0488,0.7391304347826086
32-Pure32,27-X0471,0.40425531914893614
32-Pure32,27-X0462,0.5
32-Pure32,27-X0474,0.4
32-Pure32,27-X0475,0.25
32-Pure32,27-X0479,0.4318181818181818
32-Pure32,3-T1700,0.13218390804597702
32-Pure32,3-X0464,0.12432432432432433
32-Pure32,3-X0466,0.18803418803418803
32-Pure32,3-X0478,0.7142857142857143
32-Pure32,3-X0487,0.2169811320754717
32-Pure32,3-X0493,0.2911392405063291
32-Pure32,3-X0505,0.24210526315789474
32-X0459,32-Pure32,0.19327731092436976
32-X0459,32-X0459,1.0
32-X0459,32-X0461,0.7933333333333333
32-X0459,32-X0489,0.9666666666666667
32-X0459,32-X0503,0.19327731092436976
32-X0459,32-X0494,0.24369747899159663
32-X0459,32-X0498,0.3277310924369748
32-X0459,32-X0485,0.4369747899159664
32-X0459,32-X0501,0.7478991596638656
32-X0459,32-X0497,0.7478991596638656
32-X0459,32-X0469,0.6050420168067226
32-X0459,32-X0468,0.6666666666666666
32-X0459,32-D8838,0.4868421052631579
32-X0459,32-X0486,0.5294117647058824
32-X0459,32-X0502,0.12527716186252771
32-X0459,32-X0504,0.5076142131979695
32-X0459,32-X0510,0.4166666666666667
32-X0459,32-X0483,0.7226890756302521
32-X0459,X0454,0.5351351351351351
32-X0459,X0506,0.21008403361344538
32-X0459,X0509,0.31092436974789917
32-X0459,X0496,0.35294117647058826
32-X0459,X0482,0.4789915966386555
32-X0459,X0508,0.33613445378151263
32-X0459,X0456,0.4495798319327731
32-X0459,27-Pure27,0.15966386554621848
32-X0459,27-T2735,0.4094488188976378
32-X0459,27-T1701,0.6346153846153846
32-X0459,27-T1703,0.48739495798319327
32-X0459,27-X0500,0.6638655462184874
32-X0459,27-X0495,0.453781512605042
32-X0459,27-X0488,0.17647058823529413
32-X0459,27-X0471,0.3445378151260504
32-X0459,27-X0462,0.21008403361344538
32-X0459,27-X0474,0.3697478991596639
32-X0459,27-X0475,0.5546218487394958
32-X0459,27-X0479,0.3445378151260504
32-X0459,3-T1700,0.5574712643678161
32-X0459,3-X0464,0.518918918918919
32-X0459,3-X0466,0.6638655462184874
32-X0459,3-X0478,0.226890756302521
32-X0459,3-X0487,0.6554621848739496
32-X0459,3-X0493,0.5294117647058824
32-X0459,3-X0505,0.5882352941176471
32-X0461,32-Pure32,0.15333333333333332
32-X0461,32-X0459,0.7933333333333333
32-X0461,32-X0461,1.0
32-X0461,32-X0489,0.78
32-X0461,32-X0503,0.15333333333333332
32-X0461,32-X0494,0.2
32-X0461,32-X0498,0.2733333333333333
32-X0461,32-X0485,0.36
32-X0461,32-X0501,0.6666666666666666
32-X0461,32-X0497,0.6466666666666666
32-X0461,32-X0469,0.6
32-X0461,32-X0468,0.7973856209150327
32-X0461,32-D8838,0.5394736842105263
32-X0461,32-X0486,0.4533333333333333
32-X0461,32-X0502,0.15521064301552107
32-X0461,32-X0504,0.6294416243654822
32-X0461,32-X0510,0.5144927536231884
32-X0461,32-X0483,0.6466666666666666
32-X0461,X0454,0.6486486486486487
32-X0461,X0506,0.18666666666666668
32-X0461,X0509,0.24666666666666667
32-X0461,X0496,0.2866666666666667
32-X0461,X0482,0.4266666666666667
32-X0461,X0508,0.26666666666666666
32-X0461,X0456,0.5630252100840336
32-X0461,27-Pure27,0.13333333333333333
32-X0461,27-T2735,0.5078740157480315
32-X0461,27-T1701,0.7692307692307693
32-X0461,27-T1703,0.48
32-X0461,27-X0500,0.62
32-X0461,27-X0495,0.38666666666666666
32-X0461,27-X0488,0.14
32-X0461,27-X0471,0.30666666666666664
32-X0461,27-X0462,0.16666666666666666
32-X0461,27-X0474,0.3
32-X0461,27-X0475,0.5266666666666666
32-X0461,27-X0479,0.2866666666666667
32-X0461,3-T1700,0.6896551724137931
32-X0461,3-X0464,0.6324324324324324
32-X0461,3-X0466,0.6066666666666667
32-X0461,3-X0478,0.18666666666666668
32-X0461,3-X0487,0.6133333333333333
32-X0461,3-X0493,0.48
32-X0461,3-X0505,0.5533333333333333
32-X0489,32-Pure32,0.19166666666666668
32-X0489,32-X0459,0.9666666666666667
32-X0489,32-X0461,0.78
32-X0489,32-X0489,1.0
32-X0489,32-X0503,0.19166666666666668
32-X0489,32-X0494,0.24166666666666667
32-X0489,32-X0498,0.31666666666666665
32-X0489,32-X0485,0.44166666666666665
32-X0489,32-X0501,0.75
32-X0489,32-X0497,0.7416666666666667
32-X0489,32-X0469,0.6
32-X0489,32-X0468,0.673202614379085
32-X0489,32-D8838,0.506578947368421
32-X0489,32-X0486,0.525
32-X0489,32-X0502,0.12638580931263857
32-X0489,32-X0504,0.5126903553299492
32-X0489,32-X0510,0.41304347826086957
32-X0489,32-X0483,0.7333333333333333
32-X0489,X0454,0.5351351351351351
32-X0489,X0506,0.20833333333333334
32-X0489,X0509,0.30833333333333335
32-X0489,X0496,0.35
32-X0489,X0482,0.475
32-X0489,X0508,0.3333333333333333
32-X0489,X0456,0.4579831932773109
32-X0489,27-Pure27,0.15
32-X0489,27-T2735,0.4094488188976378
32-X0489,27-T1701,0.6346153846153846
32-X0489,27-T1703,0.49166666666666664
32-X0489,27-X0500,0.6583333333333333
32-X0489,27-X0495,0.44166666666666665
32-X0489,27-X0488,0.175
32-X0489,27-X0471,0.3333333333333333
32-X0489,27-X0462,0.2
32-X0489,27-X0474,0.35833333333333334
32-X0489,27-X0475,0.5416666666666666
32-X0489,27-X0479,0.3416666666666667
32-X0489,3-T1700,0.5574712643678161
32-X0489,3-X0464,0.5297297297297298
32-X0489,3-X0466,0.6583333333333333
32-X0489,3-X0478,0.225
32-X0489,3-X0487,0.6416666666666667
32-X0489,3-X0493,0.525
32-X0489,3-X0505,0.5833333333333334
32-X0503,32-Pure32,1.0
32-X0503,32-X0459,0.19327731092436976
32-X0503,32-X0461,0.15333333333333332
32-X0503,32-X0489,0.19166666666666668
32-X0503,32-X0503,1.0
32-X0503,32-X0494,0.7419354838709677
32-X0503,32-X0498,0.5609756097560976
32-X0503,32-X0485,0.39655172413793105
32-X0503,32-X0501,0.22115384615384615
32-X0503,32-X0497,0.22549019607843138
32-X0503,32-X0469,0.25
32-X0503,32-X0468,0.1503267973856209
32-X0503,32-D8838,0.1513157894736842
32-X0503,32-X0486,0.32857142857142857
32-X0503,32-X0502,0.025498891352549888
32-X0503,32-X0504,0.116751269035533
32-X0503,32-X0510,0.08333333333333333
32-X0503,32-X0483,0.2169811320754717
32-X0503,X0454,0.12432432432432433
32-X0503,X0506,0.41935483870967744
32-X0503,X0509,0.5789473684210527
32-X0503,X0496,0.46511627906976744
32-X0503,X0482,0.31343283582089554
32-X0503,X0508,0.475
32-X0503,X0456,0.09663865546218488
32-X0503,27-Pure27,0.43478260869565216
32-X0503,27-T2735,0.09055118110236221
32-X0503,27-T1701,0.14743589743589744
32-X0503,27-T1703,0.2948717948717949
32-X0503,27-X0500,0.20909090909090908
32-X0503,27-X0495,0.3620689655172414
32-X0503,27-X0488,0.7391304347826086
32-X0503,27-X0471,0.40425531914893614
32-X0503,27-X0462,0.5
32-X0503,27-X0474,0.4
32-X0503,27-X0475,0.25
32-X0503,27-X0479,0.4318181818181818
32-X0503,3-T1700,0.13218390804597702
32-X0503,3-X0464,0.12432432432432433
32-X0503,3-X0466,0.18803418803418803
32-X0503,3-X0478,0.7142857142857143
32-X0503,3-X0487,0.2169811320754717
32-X0503,3-X0493,0.2911392405063291
32-X0503,3-X0505,0.24210526315789474
32-X0494,32-Pure32,0.7419354838709677
32-X0494,32-X0459,0.24369747899159663
32-X0494,32-X0461,0.2
32-X0494,32-X0489,0.24166666666666667
32-X0494,32-X0503,0.7419354838709677
32-X0494,32-X0494,1.0
32-X0494,32-X0498,0.6097560975609756
32-X0494,32-X0485,0.46551724137931033
32-X0494,32-X0501,0.25961538461538464
32-X0494,32-X0497,0.2647058823529412
32-X0494,32-X0469,0.30434782608695654
32-X0494,32-X0468,0.1830065359477124
32-X0494,32-D8838,0.18421052631578946
32-X0494,32-X0486,0.4
32-X0494,32-X0502,0.03436807095343681
32-X0494,32-X0504,0.15736040609137056
32-X0494,32-X0510,0.11231884057971014
32-X0494,32-X0483,0.2641509433962264
32-X0494,X0454,0.16756756756756758
32-X0494,X0506,0.45161290322580644
32-X0494,X0509,0.6052631578947368
32-X0494,X0496,0.4883720930232558
32-X0494,X0482,0.40298507462686567
32-X0494,X0508,0.55
32-X0494,X0456,0.13025210084033614
32-X0494,27-Pure27,0.3870967741935484
32-X0494,27-T2735,0.1220472440944882
32-X0494,27-T1701,0.19230769230769232
32-X0494,27-T1703,0.3333333333333333
32-X0494,27-X0500,0.2545454545454545
32-X0494,27-X0495,0.41379310344827586
32-X0494,27-X0488,0.5806451612903226
32-X0494,27-X0471,0.46808510638297873
32-X0494,27-X0462,0.45161290322580644
32-X0494,27-X0474,0.4444444444444444
32-X0494,27-X0475,0.29545454545454547
32-X0494,27-X0479,0.4772727272727273
32-X0494,3-T1700,0.1781609195402299
32-X0494,3-X0464,0.15675675675675677
32-X0494,3-X0466,0.23931623931623933
32-X0494,3-X0478,0.7096774193548387
32-X0494,3-X0487,0.27358490566037735
32-X0494,3-X0493,0.34177215189873417
32-X0494,3-X0505,0.29473684210526313
32-X0498,32-Pure32,0.5609756097560976
32-X0498,32-X0459,0.3277310924369748
32-X0498,32-X0461,0.2733333333333333
32-X0498,32-X0489,0.31666666666666665
32-X0498,32-X0503,0.5609756097560976
32-X0498,32-X0494,0.6097560975609756
32-X0498,32-X0498,1.0
32-X0498,32-X0485,0.5689655172413793
32-X0498,32-X0501,0.3557692307692308
32-X0498,32-X0497,0.38235294117647056
32-X0498,32-X0469,0.42391304347826086
32-X0498,32-X0468,0.26143790849673204
32-X0498,32-D8838,0.23026315789473684
32-X0498,32-X0486,0.4857142857142857
32-X0498,32-X0502,0.043237250554323724
32-X0498,32-X0504,0.20812182741116753
32-X0498,32-X0510,0.14855072463768115
32-X0498,32-X0483,0.33962264150943394
32-X0498,X0454,0.22162162162162163
32-X0498,X0506,0.4146341463414634
32-X0498,X0509,0.7317073170731707
32-X0498,X0496,0.7674418604651163
32-X0498,X0482,0.5223880597014925
32-X0498,X0508,0.7073170731707317
32-X0498,X0456,0.1722689075630252
32-X0498,27-Pure27,0.4878048780487805
32-X0498,27-T2735,0.15748031496062992
32-X0498,27-T1701,0.26282051282051283
32-X0498,27-T1703,0.48717948717948717
32-X0498,27-X0500,0.36363636363636365
32-X0498,27-X0495,0.6206896551724138
32-X0498,27-X0488,0.4878048780487805
32-X0498,27-X0471,0.6595744680851063
32-X0498,27-X0462,0.4878048780487805
32-X0498,27-X0474,0.7111111111111111
32-X0498,27-X0475,0.42045454545454547
32-X0498,27-X0479,0.6818181818181818
32-X0498,3-T1700,0.23563218390804597
32-X0498,3-X0464,0.21081081081081082
32-X0498,3-X0466,0.3418803418803419
32-X0498,3-X0478,0.6097560975609756
32-X0498,3-X0487,0.3867924528301887
32-X0498,3-X0493,0.46835443037974683
32-X0498,3-X0505,0.3684210526315789
32-X0485,32-Pure32,0.39655172413793105
32-X0485,32-X0459,0.4369747899159664
32-X0485,32-X0461,0.36
32-X0485,32-X0489,0.44166666666666665
32-X0485,32-X0503,0.39655172413793105
32-X0485,32-X0494,0.46551724137931033
32-X0485,32-X0498,0.5689655172413793
32-X0485,32-X0485,1.0
32-X0485,32-X0501,0.4807692307692308
32-X0485,32-X0497,0.5294117647058824
32-X0485,32-X0469,0.4891304347826087
32-X0485,32-X0468,0.3790849673202614
32-X0485,32-D8838,0.26973684210526316
32-X0485,32-X0486,0.6
32-X0485,32-X0502,0.06319290465631928
32-X0485,32-X0504,0.29441624365482233
32-X0485,32-X0510,0.20652173913043478
32-X0485,32-X0483,0.46226415094339623
32-X0485,X0454,0.2918918918918919
32-X0485,X0506,0.29310344827586204
32-X0485,X0509,0.5344827586206896
32-X0485,X0496,0.5517241379310345
32-X0485,X0482,0.5970149253731343
32-X0485,X0508,0.5517241379310345
32-X0485,X0456,0.23529411764705882
32-X0485,27-Pure27,0.25862068965517243
32-X0485,27-T2735,0.22440944881889763
32-X0485,27-T1701,0.36538461538461536
32-X0485,27-T1703,0.5384615384615384
32-X0485,27-X0500,0.4636363636363636
32-X0485,27-X0495,0.6379310344827587
32-X0485,27-X0488,0.3448275862068966
32-X0485,27-X0471,0.5344827586206896
32-X0485,27-X0462,0.3275862068965517
32-X0485,27-X0474,0.5172413793103449
32-X0485,27-X0475,0.48863636363636365
32-X0485,27-X0479,0.5689655172413793
32-X0485,3-T1700,0.3218390804597701
32-X0485,3-X0464,0.2972972972972973
32-X0485,3-X0466,0.42735042735042733
32-X0485,3-X0478,0.46551724137931033
32-X0485,3-X0487,0.4811320754716981
32-X0485,3-X0493,0.569620253164557
32-X0485,3-X0505,0.47368421052631576
32-X0501,32-Pure32,0.22115384615384615
32-X0501,32-X0459,0.7478991596638656
32-X0501,32-X0461,0.6666666666666666
32-X0501,32-X0489,0.75
32-X0501,32-X0503,0.22115384615384615
32-X0501,32-X0494,0.25961538461538464
32-X0501,32-X0498,0.3557692307692308
32-X0501,32-X0485,0.4807692307692308
32-X0501,32-X0501,1.0
32-X0501,32-X0497,0.8653846153846154
32-X0501,32-X0469,0.6923076923076923
32-X0501,32-X0468,0.6274509803921569
32-X0501,32-D8838,0.4473684210526316
32-X0501,32-X0486,0.5576923076923077
32-X0501,32-X0502,0.11086474501108648
32-X0501,32-X0504,0.49746192893401014
32-X0501,32-X0510,0.3695652173913043
32-X0501,32-X0483,0.8018867924528302
32-X0501,X0454,0.5081081081081081
32-X0501,X0506,0.22115384615384615
32-X0501,X0509,0.34615384615384615
32-X0501,X0496,0.38461538461538464
32-X0501,X0482,0.5576923076923077
32-X0501,X0508,0.375
32-X0501,X0456,0.4327731092436975
32-X0501,27-Pure27,0.16346153846153846
32-X0501,27-T2735,0.37401574803149606
32-X0501,27-T1701,0.6217948717948718
32-X0501,27-T1703,0.5673076923076923
32-X0501,27-X0500,0.7181818181818181
32-X0501,27-X0495,0.5
32-X0501,27-X0488,0.19230769230769232
32-X0501,27-X0471,0.3942307692307692
32-X0501,27-X0462,0.23076923076923078
32-X0501,27-X0474,0.40384615384615385
32-X0501,27-X0475,0.6730769230769231
32-X0501,27-X0479,0.38461538461538464
32-X0501,3-T1700,0.5344827586206896
32-X0501,3-X0464,0.5297297297297298
32-X0501,3-X0466,0.6581196581196581
32-X0501,3-X0478,0.25
32-X0501,3-X0487,0.7452830188679245
32-X0501,3-X0493,0.5673076923076923
32-X0501,3-X0505,0.6826923076923077
32-X0497,32-Pure32,0.22549019607843138
32-X0497,32-X0459,0.7478991596638656
32-X0497,32-X0461,0.6466666666666666
32-X0497,32-X0489,0.7416666666666667
32-X0497,32-X0503,0.22549019607843138
32-X0497,32-X0494,0.2647058823529412
32-X0497,32-X0498,0.38235294117647056
32-X0497,32-X0485,0.5294117647058824
32-X0497,32-X0501,0.8653846153846154
32-X0497,32-X0497,1.0
32-X0497,32-X0469,0.7156862745098039
32-X0497,32-X0468,0.6470588235294118
32-X0497,32-D8838,0.4342105263157895
32-X0497,32-X0486,0.6078431372549019
32-X0497,32-X0502,0.10753880266075388
32-X0497,32-X0504,0.4873096446700508
32-X0497,32-X0510,0.36231884057971014
32-X0497,32-X0483,0.8018867924528302
32-X0497,X0454,0.4756756756756757
32-X0497,X0506,0.21568627450980393
32-X0497,X0509,0.3627450980392157
32-X0497,X0496,0.4117647058823529
32-X0497,X0482,0.5882352941176471
32-X0497,X0508,0.39215686274509803
32-X0497,X0456,0.41596638655462187
32-X0497,27-Pure27,0.18627450980392157
32-X0497,27-T2735,0.38188976377952755
32-X0497,27-T1701,0.6089743589743589
32-X0497,27-T1703,0.5686274509803921
32-X0497,27-X0500,0.6909090909090909
32-X0497,27-X0495,0.5294117647058824
32-X0497,27-X0488,0.20588235294117646
32-X0497,27-X0471,0.4117647058823529
32-X0497,27-X0462,0.24509803921568626
32-X0497,27-X0474,0.4019607843137255
32-X0497,27-X0475,0.6372549019607843
32-X0497,27-X0479,0.4215686274509804
32-X0497,3-T1700,0.5344827586206896
32-X0497,3-X0464,0.5027027027027027
32-X0497,3-X0466,0.6495726495726496
32-X0497,3-X0478,0.2647058823529412
32-X0497,3-X0487,0.7452830188679245
32-X0497,3-X0493,0.5980392156862745
32-X0497,3-X0505,0.6862745098039216
32-X0469,32-Pure32,0.25
32-X0469,32-X0459,0.6050420168067226
32-X0469,32-X0461,0.6
32-X0469,32-X0489,0.6
32-X0469,32-X0503,0.25
32-X0469,32-X0494,0.30434782608695654
32-X0469,32-X0498,0.42391304347826086
32-X0469,32-X0485,0.4891304347826087
32-X0469,32-X0501,0.6923076923076923
32-X0469,32-X0497,0.7156862745098039
32-X0469,32-X0469,1.0
32-X0469,32-X0468,0.5686274509803921
32-X0469,32-D8838,0.3815789473684211
32-X0469,32-X0486,0.5869565217391305
32-X0469,32-X0502,0.09534368070953436
32-X0469,32-X0504,0.4263959390862944
32-X0469,32-X0510,0.31521739130434784
32-X0469,32-X0483,0.6886792452830188
32-X0469,X0454,0.4486486486486487
32-X0469,X0506,0.25
32-X0469,X0509,0.40217391304347827
32-X0469,X0496,0.43478260869565216
32-X0469,X0482,0.5760869565217391
32-X0469,X0508,0.41304347826086957
32-X0469,X0456,0.3697478991596639
32-X0469,27-Pure27,0.21739130434782608
32-X0469,27-T2735,0.3464566929133858
32-X0469,27-T1701,0.5256410256410257
32-X0469,27-T1703,0.5434782608695652
32-X0469,27-X0500,0.5909090909090909
32-X0469,27-X0495,0.5543478260869565
32-X0469,27-X0488,0.22826086956521738
32-X0469,27-X0471,0.4782608695652174
32-X0469,27-X0462,0.2608695652173913
32-X0469,27-X0474,0.42391304347826086
32-X0469,27-X0475,0.6304347826086957
32-X0469,27-X0479,0.43478260869565216
32-X0469,3-T1700,0.4827586206896552
32-X0469,3-X0464,0.44324324324324327
32-X0469,3-X0466,0.5897435897435898
32-X0469,3-X0478,0.29347826086956524
32-X0469,3-X0487,0.6415094339622641
32-X0469,3-X0493,0.6630434782608695
32-X0469,3-X0505,0.6631578947368421
32-X0468,32-Pure32,0.1503267973856209
32-X0468,32-X0459,0.6666666666666666
32-X0468,32-X0461,0.7973856209150327
32-X0468,32-X0489,0.673202614379085
32-X0468,32-X0503,0.1503267973856209
32-X0468,32-X0494,0.1830065359477124
32-X0468,32-X0498,0.26143790849673204
32-X0468,32-X0485,0.3790849673202614
32-X0468,32-X0501,0.6274509803921569
32-X0468,32-X0497,0.6470588235294118
32-X0468,32-X0469,0.5686274509803921
32-X0468,32-X0468,1.0
32-X0468,32-D8838,0.5228758169934641
32-X0468,32-X0486,0.43137254901960786
32-X0468,32-X0502,0.15853658536585366
32-X0468,32-X0504,0.649746192893401
32-X0468,32-X0510,0.5181159420289855
32-X0468,32-X0483,0.673202614379085
32-X0468,X0454,0.6702702702702703
32-X0468,X0506,0.16993464052287582
32-X0468,X0509,0.24183006535947713
32-X0468,X0496,0.27450980392156865
32-X0468,X0482,0.4117647058823529
32-X0468,X0508,0.26143790849673204
32-X0468,X0456,0.592436974789916
32-X0468,27-Pure27,0.12418300653594772
32-X0468,27-T2735,0.5196850393700787
32-X0468,27-T1701,0.7692307692307693
32-X0468,27-T1703,0.40522875816993464
32-X0468,27-X0500,0.5882352941176471
32-X0468,27-X0495,0.37254901960784315
32-X0468,27-X0488,0.13725490196078433
32-X0468,27-X0471,0.3006535947712418
32-X0468,27-X0462,0.16339869281045752
32-X0468,27-X0474,0.27450980392156865
32-X0468,27-X0475,0.49673202614379086
32-X0468,27-X0479,0.2875816993464052
32-X0468,3-T1700,0.7011494252873564
32-X0468,3-X0464,0.6594594594594595
32-X0468,3-X0466,0.6013071895424836
32-X0468,3-X0478,0.17647058823529413
32-X0468,3-X0487,0.5751633986928104
32-X0468,3-X0493,0.45751633986928103
32-X0468,3-X0505,0.5098039215686274
32-D8838,32-Pure32,0.1513157894736842
32-D8838,32-X0459,0.4868421052631579
32-D8838,32-X0461,0.5394736842105263
32-D8838,32-X0489,0.506578947368421
32-D8838,32-X0503,0.1513157894736842
32-D8838,32-X0494,0.18421052631578946
32-D8838,32-X0498,0.23026315789473684
32-D8838,32-X0485,0.26973684210526316
32-D8838,32-X0501,0.4473684210526316
32-D8838,32-X0497,0.4342105263157895
32-D8838,32-X0469,0.3815789473684211
32-D8838,32-X0468,0.5228758169934641
32-D8838,32-D8838,1.0
32-D8838,32-X0486,0.34868421052631576
32-D8838,32-X0502,0.1419068736141907
32-D8838,32-X0504,0.4467005076142132
32-D8838,32-X0510,0.38768115942028986
32-D8838,32-X0483,0.42105263157894735
32-D8838,X0454,0.4594594594594595
32-D8838,X0506,0.14473684210526316
32-D8838,X0509,0.21052631578947367
32-D8838,X0496,0.23026315789473684
32-D8838,X0482,0.3157894736842105
32-D8838,X0508,0.2236842105263158
32-D8838,X0456,0.42857142857142855
32-D8838,27-Pure27,0.10526315789473684
32-D8838,27-T2735,0.32677165354330706
32-D8838,27-T1701,0.48717948717948717
32-D8838,27-T1703,0.3618421052631579
32-D8838,27-X0500,0.40789473684210525
32-D8838,27-X0495,0.29605263157894735
32-D8838,27-X0488,0.13815789473684212
32-D8838,27-X0471,0.23026315789473684
32-D8838,27-X0462,0.15789473684210525
32-D8838,27-X0474,0.23684210526315788
32-D8838,27-X0475,0.3355263157894737
32-D8838,27-X0479,0.23684210526315788
32-D8838,3-T1700,0.41954022988505746
32-D8838,3-X0464,0.43243243243243246
32-D8838,3-X0466,0.4276315789473684
32-D8838,3-X0478,0.16447368421052633
32-D8838,3-X0487,0.45394736842105265
32-D8838,3-X0493,0.32894736842105265
32-D8838,3-X0505,0.39473684210526316
32-X0486,32-Pure32,0.32857142857142857
32-X0486,32-X0459,0.5294117647058824
32-X0486,32-X0461,0.4533333333333333
32-X0486,32-X0489,0.525
32-X0486,32-X0503,0.32857142857142857
32-X0486,32-X0494,0.4
32-X0486,32-X0498,0.4857142857142857
32-X0486,32-X0485,0.6
32-X0486,32-X0501,0.5576923076923077
32-X0486,32-X0497,0.6078431372549019
32-X0486,32-X0469,0.5869565217391305
32-X0486,32-X0468,0.43137254901960786
32-X0486,32-D8838,0.34868421052631576
32-X0486,32-X0486,1.0
32-X0486,32-X0502,0.07427937915742794
32-X0486,32-X0504,0.3096446700507614
32-X0486,32-X0510,0.2463768115942029
32-X0486,32-X0483,0.5849056603773585
32-X0486,X0454,0.31351351351351353
32-X0486,X0506,0.3142857142857143
32-X0486,X0509,0.5142857142857142
32-X0486,X0496,0.5571428571428572
32-X0486,X0482,0.6857142857142857
32-X0486,X0508,0.5142857142857142
32-X0486,X0456,0.2815126050420168
32-X0486,27-Pure27,0.2571428571428571
32-X0486,27-T2735,0.25196850393700787
32-X0486,27-T1701,0.4230769230769231
32-X0486,27-T1703,0.6410256410256411
32-X0486,27-X0500,0.4909090909090909
32-X0486,27-X0495,0.6857142857142857
32-X0486,27-X0488,0.2857142857142857
32-X0486,27-X0471,0.5285714285714286
32-X0486,27-X0462,0.34285714285714286
32-X0486,27-X0474,0.5
32-X0486,27-X0475,0.5909090909090909
32-X0486,27-X0479,0.5285714285714286
32-X0486,3-T1700,0.3620689655172414
32-X0486,3-X0464,0.35135135135135137
32-X0486,3-X0466,0.48717948717948717
32-X0486,3-X0478,0.38571428571428573
32-X0486,3-X0487,0.5660377358490566
32-X0486,3-X0493,0.6835443037974683
32-X0486,3-X0505,0.6105263157894737
32-X0502,32-Pure32,0.025498891352549888
32-X0502,32-X0459,0.12527716186252771
32-X0502,32-X0461,0.15521064301552107
32-X0502,32-X0489,0.12638580931263857
32-X0502,32-X0503,0.025498891352549888
32-X0502,32-X0494,0.03436807095343681
32-X0502,32-X0498,0.043237250554323724
32-X0502,32-X0485,0.06319290465631928
32-X0502,32-X0501,0.11086474501108648
32-X0502,32-X0497,0.10753880266075388
32-X0502,32-X0469,0.09534368070953436
32-X0502,32-X0468,0.15853658536585366
32-X0502,32-D8838,0.1419068736141907
32-X0502,32-X0486,0.07427937915742794
32-X0502,32-X0502,1.0
32-X0502,32-X0504,0.20620842572062084
32-X0502,32-X0510,0.28492239467849223
32-X0502,32-X0483,0.1130820399113082
32-X0502,X0454,0.18736141906873613
32-X0502,X0506,0.03325942350332594
32-X0502,X0509,0.03991130820399113
32-X0502,X0496,0.04434589800443459
32-X0502,X0482,0.07206208425720621
32-X0502,X0508,0.043237250554323724
32-X0502,X0456,0.24057649667405764
32-X0502,27-Pure27,0.02106430155210643
32-X0502,27-T2735,0.25942350332594233
32-X0502,27-T1701,0.16518847006651885
32-X0502,27-T1703,0.082039911308204
32-X0502,27-X0500,0.1164079822616408
32-X0502,27-X0495,0.06097560975609756
32-X0502,27-X0488,0.024390243902439025
32-X0502,27-X0471,0.04767184035476718
32-X0502,27-X0462,0.026607538802660754
32-X0502,27-X0474,0.04767184035476718
32-X0502,27-X0475,0.09201773835920177
32-X0502,27-X0479,0.04767184035476718
32-X0502,3-T1700,0.17849223946784923
32-X0502,3-X0464,0.19401330376940132
32-X0502,3-X0466,0.12195121951219512
32-X0502,3-X0478,0.031042128603104215
32-X0502,3-X0487,0.11197339246119734
32-X0502,3-X0493,0.08647450110864745
32-X0502,3-X0505,0.10199556541019955
32-X0504,32-Pure32,0.116751269035533
32-X0504,32-X0459,0.5076142131979695
32-X0504,32-X0461,0.6294416243654822
32-X0504,32-X0489,0.5126903553299492
32-X0504,32-X0503,0.116751269035533
32-X0504,32-X0494,0.15736040609137056
32-X0504,32-X0498,0.20812182741116753
32-X0504,32-X0485,0.29441624365482233
32-X0504,32-X0501,0.49746192893401014
32-X0504,32-X0497,0.4873096446700508
32-X0504,32-X0469,0.4263959390862944
32-X0504,32-X0468,0.649746192893401
32-X0504,32-D8838,0.4467005076142132
32-X0504,32-X0486,0.3096446700507614
32-X0504,32-X0502,0.20620842572062084
32-X0504,32-X0504,1.0
32-X0504,32-X0510,0.6521739130434783
32-X0504,32-X0483,0.4873096446700508
32-X0504,X0454,0.7055837563451777
32-X0504,X0506,0.12690355329949238
32-X0504,X0509,0.18781725888324874
32-X0504,X0496,0.2131979695431472
32-X0504,X0482,0.3401015228426396
32-X0504,X0508,0.20304568527918782
32-X0504,X0456,0.6890756302521008
32-X0504,27-Pure27,0.10152284263959391
32-X0504,27-T2735,0.6220472440944882
32-X0504,27-T1701,0.6751269035532995
32-X0504,27-T1703,0.3756345177664975
32-X0504,27-X0500,0.49746192893401014
32-X0504,27-X0495,0.27918781725888325
32-X0504,27-X0488,0.1065989847715736
32-X0504,27-X0471,0.233502538071066
32-X0504,27-X0462,0.1319796954314721
32-X0504,27-X0474,0.22842639593908629
32-X0504,27-X0475,0.41116751269035534
32-X0504,27-X0479,0.2182741116751269
32-X0504,3-T1700,0.7157360406091371
32-X0504,3-X0464,0.7563451776649747
32-X0504,3-X0466,0.5076142131979695
32-X0504,3-X0478,0.14213197969543148
32-X0504,3-X0487,0.49746192893401014
32-X0504,3-X0493,0.3553299492385787
32-X0504,3-X0505,0.43147208121827413
32-X0510,32-Pure32,0.08333333333333333
32-X0510,32-X0459,0.4166666666666667
32-X0510,32-X0461,0.5144927536231884
32-X0510,32-X0489,0.41304347826086957
32-X0510,32-X0503,0.08333333333333333
32-X0510,32-X0494,0.11231884057971014
32-X0510,32-X0498,0.14855072463768115
32-X0510,32-X0485,0.20652173913043478
32-X0510,32-X0501,0.3695652173913043
32-X0510,32-X0497,0.36231884057971014
32-X0510,32-X0469,0.31521739130434784
32-X0510,32-X0468,0.5181159420289855
32-X0510,32-D8838,0.38768115942028986
32-X0510,32-X0486,0.2463768115942029
32-X0510,32-X0502,0.28492239467849223
32-X0510,32-X0504,0.6521739130434783
32-X0510,32-X0510,1.0
32-X0510,32-X0483,0.36594202898550726
32-X0510,X0454,0.5688405797101449
32-X0510,X0506,0.10144927536231885
32-X0510,X0509,0.13405797101449277
32-X0510,X0496,0.15217391304347827
32-X0510,X0482,0.2427536231884058
32-X0510,X0508,0.14492753623188406
32-X0510,X0456,0.7318840579710145
32-X0510,27-Pure27,0.07246376811594203
32-X0510,27-T2735,0.717391304347826
32-X0510,27-T1701,0.5398550724637681
32-X0510,27-T1703,0.27898550724637683
32-X0510,27-X0500,0.391304347826087
32-X0510,27-X0495,0.21014492753623187
32-X0510,27-X0488,0.07971014492753623
32-X0510,27-X0471,0.17028985507246377
32-X0510,27-X0462,0.09420289855072464
32-X0510,27-X0474,0.16304347826086957
32-X0510,27-X0475,0.3188405797101449
32-X0510,27-X0479,0.15942028985507245
32-X0510,3-T1700,0.5833333333333334
32-X0510,3-X0464,0.6159420289855072
32-X0510,3-X0466,0.39855072463768115
32-X0510,3-X0478,0.10144927536231885
32-X0510,3-X0487,0.3804347826086957
32-X0510,3-X0493,0.27898550724637683
32-X0510,3-X0505,0.3333333333333333
32-X0483,32-Pure32,0.2169811320754717
32-X0483,32-X0459,0.7226890756302521
32-X0483,32-X0461,0.6466666666666666
32-X0483,32-X0489,0.7333333333333333
32-X0483,32-X0503,0.2169811320754717
32-X0483,32-X0494,0.2641509433962264
32-X0483,32-X0498,0.33962264150943394
32-X0483,32-X0485,0.46226415094339623
32-X0483,32-X0501,0.8018867924528302
32-X0483,32-X0497,0.8018867924528302
32-X0483,32-X0469,0.6886792452830188
32-X0483,32-X0468,0.673202614379085
32-X0483,32-D8838,0.42105263157894735
32-X0483,32-X0486,0.5849056603773585
32-X0483,32-X0502,0.1130820399113082
32-X0483,32-X0504,0.4873096446700508
32-X0483,32-X0510,0.36594202898550726
32-X0483,32-X0483,1.0
32-X0483,X0454,0.5081081081081081
32-X0483,X0506,0.2169811320754717
32-X0483,X0509,0.3490566037735849
32-X0483,X0496,0.3867924528301887
32-X0483,X0482,0.5754716981132075
32-X0483,X0508,0.37735849056603776
32-X0483,X0456,0.42016806722689076
32-X0483,27-Pure27,0.16981132075471697
32-X0483,27-T2735,0.3661417322834646
32-X0483,27-T1701,0.5705128205128205
32-X0483,27-T1703,0.5283018867924528
32-X0483,27-X0500,0.6545454545454545
32-X0483,27-X0495,0.49056603773584906
32-X0483,27-X0488,0.19811320754716982
32-X0483,27-X0471,0.37735849056603776
32-X0483,27-X0462,0.2358490566037736
32-X0483,27-X0474,0.37735849056603776
32-X0483,27-X0475,0.5849056603773585
32-X0483,27-X0479,0.39622641509433965
32-X0483,3-T1700,0.5344827586206896
32-X0483,3-X0464,0.5135135135135135
32-X0483,3-X0466,0.6410256410256411
32-X0483,3-X0478,0.25471698113207547
32-X0483,3-X0487,0.6792452830188679
32-X0483,3-X0493,0.6037735849056604
32-X0483,3-X0505,0.660377358490566
X0454,32-Pure32,0.12432432432432433
X0454,32-X0459,0.5351351351351351
X0454,32-X0461,0.6486486486486487
X0454,32-X0489,0.5351351351351351
X0454,32-X0503,0.12432432432432433
X0454,32-X0494,0.16756756756756758
X0454,32-X0498,0.22162162162162163
X0454,32-X0485,0.2918918918918919
X0454,32-X0501,0.5081081081081081
X0454,32-X0497,0.4756756756756757
X0454,32-X0469,0.4486486486486487
X0454,32-X0468,0.6702702702702703
X0454,32-D8838,0.4594594594594595
X0454,32-X0486,0.31351351351351353
X0454,32-X0502,0.18736141906873613
X0454,32-X0504,0.7055837563451777
X0454,32-X0510,0.5688405797101449
X0454,32-X0483,0.5081081081081081
X0454,X0454,1.0
X0454,X0506,0.14054054054054055
X0454,X0509,0.2
X0454,X0496,0.22162162162162163
X0454,X0482,0.35135135135135137
X0454,X0508,0.21621621621621623
X0454,X0456,0.6680672268907563
X0454,27-Pure27,0.10810810810810811
X0454,27-T2735,0.6023622047244095
X0454,27-T1701,0.6756756756756757
X0454,27-T1703,0.34594594594594597
X0454,27-X0500,0.4918918918918919
X0454,27-X0495,0.2918918918918919
X0454,27-X0488,0.11351351351351352
X0454,27-X0471,0.24324324324324326
X0454,27-X0462,0.14054054054054055
X0454,27-X0474,0.24324324324324326
X0454,27-X0475,0.43243243243243246
X0454,27-X0479,0.23243243243243245
X0454,3-T1700,0.7135135135135136
X0454,3-X0464,0.7405405405405405
X0454,3-X0466,0.5567567567567567
X0454,3-X0478,0.15135135135135136
X0454,3-X0487,0.5081081081081081
X0454,3-X0493,0.4
X0454,3-X0505,0.4540540540540541
X0506,32-Pure32,0.41935483870967744
X0506,32-X0459,0.21008403361344538
X0506,32-X0461,0.18666666666666668
X0506,32-X0489,0.20833333333333334
X0506,32-X0503,0.41935483870967744
X0506,32-X0494,0.45161290322580644
X0506,32-X0498,0.4146341463414634
X0506,32-X0485,0.29310344827586204
X0506,32-X0501,0.22115384615384615
X0506,32-X0497,0.21568627450980393
X0506,32-X0469,0.25
X0506,32-X0468,0.16993464052287582
X0506,32-D8838,0.14473684210526316
X0506,32-X0486,0.3142857142857143
X0506,32-X0502,0.03325942350332594
X0506,32-X0504,0.12690355329949238
X0506,32-X0510,0.10144927536231885
X0506,32-X0483,0.2169811320754717
X0506,X0454,0.14054054054054055
X0506,X0506,1.0
X0506,X0509,0.42105263157894735
X0506,X0496,0.37209302325581395
X0506,X0482,0.29850746268656714
X0506,X0508,0.35
X0506,X0456,0.11764705882352941
X0506,27-Pure27,0.25806451612903225
X0506,27-T2735,0.11023622047244094
X0506,27-T1701,0.16025641025641027
X0506,27-T1703,0.23076923076923078
X0506,27-X0500,0.21818181818181817
X0506,27-X0495,0.3448275862068966
X0506,27-X0488,0.45161290322580644
X0506,27-X0471,0.3404255319148936
X0506,27-X0462,0.3225806451612903
X0506,27-X0474,0.35555555555555557
X0506,27-X0475,0.25
X0506,27-X0479,0.38636363636363635
X0506,3-T1700,0.14942528735632185
X0506,3-X0464,0.12972972972972974
X0506,3-X0466,0.18803418803418803
X0506,3-X0478,0.45161290322580644
X0506,3-X0487,0.2169811320754717
X0506,3-X0493,0.27848101265822783
X0506,3-X0505,0.23157894736842105
X0509,32-Pure32,0.5789473684210527
X0509,32-X0459,0.31092436974789917
X0509,32-X0461,0.24666666666666667
X0509,32-X0489,0.30833333333333335
X0509,32-X0503,0.5789473684210527
X0509,32-X0494,0.6052631578947368
X0509,32-X0498,0.7317073170731707
X0509,32-X0485,0.5344827586206896
X0509,32-X0501,0.34615384615384615
X0509,32-X0497,0.3627450980392157
X0509,32-X0469,0.40217391304347827
X0509,32-X0468,0.24183006535947713
X0509,32-D8838,0.21052631578947367
X0509,32-X0486,0.5142857142857142
X0509,32-X0502,0.03991130820399113
X0509,32-X0504,0.18781725888324874
X0509,32-X0510,0.13405797101449277
X0509,32-X0483,0.3490566037735849
X0509,X0454,0.2
X0509,X0506,0.42105263157894735
X0509,X0509,1.0
X0509,X0496,0.7906976744186046
X0509,X0482,0.5223880597014925
X0509,X0508,0.75
X0509,X0456,0.15546218487394958
X0509,27-Pure27,0.3684210526315789
X0509,27-T2735,0.14566929133858267
X0509,27-T1701,0.23717948717948717
X0509,27-T1703,0.46153846153846156
X0509,27-X0500,0.33636363636363636
X0509,27-X0495,0.5689655172413793
X0509,27-X0488,0.5
X0509,27-X0471,0.6382978723404256
X0509,27-X0462,0.5263157894736842
X0509,27-X0474,0.6444444444444445
X0509,27-X0475,0.3977272727272727
X0509,27-X0479,0.6590909090909091
X0509,3-T1700,0.21264367816091953
X0509,3-X0464,0.2
X0509,3-X0466,0.3076923076923077
X0509,3-X0478,0.631578947368421
X0509,3-X0487,0.3490566037735849
X0509,3-X0493,0.4430379746835443
X0509,3-X0505,0.3684210526315789
X0496,32-Pure32,0.46511627906976744
X0496,32-X0459,0.35294117647058826
X0496,32-X0461,0.2866666666666667
X0496,32-X0489,0.35
X0496,32-X0503,0.46511627906976744
X0496,32-X0494,0.4883720930232558
X0496,32-X0498,0.7674418604651163
X0496,32-X0485,0.5517241379310345
X0496,32-X0501,0.38461538461538464
X0496,32-X0497,0.4117647058823529
X0496,32-X0469,0.43478260869565216
X0496,32-X0468,0.27450980392156865
X0496,32-D8838,0.23026315789473684
X0496,32-X0486,0.5571428571428572
X0496,32-X0502,0.04434589800443459
X0496,32-X0504,0.2131979695431472
X0496,32-X0510,0.15217391304347827
X0496,32-X0483,0.3867924528301887
X0496,X0454,0.22162162162162163
X0496,X0506,0.37209302325581395
X0496,X0509,0.7906976744186046
X0496,X0496,1.0
X0496,X0482,0.5522388059701493
X0496,X0508,0.7209302325581395
X0496,X0456,0.18067226890756302
X0496,27-Pure27,0.3488372093023256
X0496,27-T2735,0.16141732283464566
X0496,27-T1701,0.2692307692307692
X0496,27-T1703,0.5
X0496,27-X0500,0.38181818181818183
X0496,27-X0495,0.6379310344827587
X0496,27-X0488,0.4186046511627907
X0496,27-X0471,0.6595744680851063
X0496,27-X0462,0.46511627906976744
X0496,27-X0474,0.7111111111111111
X0496,27-X0475,0.45454545454545453
X0496,27-X0479,0.6818181818181818
X0496,3-T1700,0.2413793103448276
X0496,3-X0464,0.22162162162162163
X0496,3-X0466,0.3418803418803419
X0496,3-X0478,0.4883720930232558
X0496,3-X0487,0.39622641509433965
X0496,3-X0493,0.4810126582278481
X0496,3-X0505,0.4
X0482,32-Pure32,0.31343283582089554
X0482,32-X0459,0.4789915966386555
X0482,32-X0461,0.4266666666666667
X0482,32-X0489,0.475
X0482,32-X0503,0.31343283582089554
X0482,32-X0494,0.40298507462686567
X0482,32-X0498,0.5223880597014925
X0482,32-X0485,0.5970149253731343
X0482,32-X0501,0.5576923076923077
X0482,32-X0497,0.5882352941176471
X0482,32-X0469,0.5760869565217391
X0482,32-X0468,0.4117647058823529
X0482,32-D8838,0.3157894736842105
X0482,32-X0486,0.6857142857142857
X0482,32-X0502,0.07206208425720621
X0482,32-X0504,0.3401015228426396
X0482,32-X0510,0.2427536231884058
X0482,32-X0483,0.5754716981132075
X0482,X0454,0.35135135135135137
X0482,X0506,0.29850746268656714
X0482,X0509,0.5223880597014925
X0482,X0496,0.5522388059701493
X0482,X0482,1.0
X0482,X0508,0.5373134328358209
X0482,X0456,0.2773109243697479
X0482,27-Pure27,0.26865671641791045
X0482,27-T2735,0.2440944881889764
X0482,27-T1701,0.4230769230769231
X0482,27-T1703,0.6666666666666666
X0482,27-X0500,0.5363636363636364
X0482,27-X0495,0.7313432835820896
X0482,27-X0488,0.29850746268656714
X0482,27-X0471,0.5522388059701493
X0482,27-X0462,0.34328358208955223
X0482,27-X0474,0.582089552238806
X0482,27-X0475,0.625
X0482,27-X0479,0.582089552238806
X0482,3-T1700,0.367816091954023
X0482,3-X0464,0.34594594594594597
X0482,3-X0466,0.5128205128205128
X0482,3-X0478,0.3880597014925373
X0482,3-X0487,0.5849056603773585
X0482,3-X0493,0.6582278481012658
X0482,3-X0505,0.6105263157894737
X0508,32-Pure32,0.475
X0508,32-X0459,0.33613445378151263
X0508,32-X0461,0.26666666666666666
X0508,32-X0489,0.3333333333333333
X0508,32-X0503,0.475
X0508,32-X0494,0.55
X0508,32-X0498,0.7073170731707317
X0508,32-X0485,0.5517241379310345
X0508,32-X0501,0.375
X0508,32-X0497,0.39215686274509803
X0508,32-X0469,0.41304347826086957
X0508,32-X0468,0.26143790849673204
X0508,32-D8838,0.2236842105263158
X0508,32-X0486,0.5142857142857142
X0508,32-X0502,0.043237250554323724
X0508,32-X0504,0.20304568527918782
X0508,32-X0510,0.14492753623188406
X0508,32-X0483,0.37735849056603776
X0508,X0454,0.21621621621621623
X0508,X0506,0.35
X0508,X0509,0.75
X0508,X0496,0.7209302325581395
X0508,X0482,0.5373134328358209
X0508,X0508,1.0
X0508,X0456,0.16806722689075632
X0508,27-Pure27,0.325
X0508,27-T2735,0.15354330708661418
X0508,27-T1701,0.2564102564102564
X0508,27-T1703,0.4358974358974359
X0508,27-X0500,0.34545454545454546
X0508,27-X0495,0.5517241379310345
X0508,27-X0488,0.425
X0508,27-X0471,0.574468085106383
X0508,27-X0462,0.45
X0508,27-X0474,0.6444444444444445
X0508,27-X0475,0.4090909090909091
X0508,27-X0479,0.6590909090909091
X0508,3-T1700,0.22988505747126436
X0508,3-X0464,0.21621621621621623
X0508,3-X0466,0.3162393162393162
X0508,3-X0478,0.575
X0508,3-X0487,0.37735849056603776
X0508,3-X0493,0.4810126582278481
X0508,3-X0505,0.3894736842105263
X0456,32-Pure32,0.09663865546218488
X0456,32-X0459,0.4495798319327731
X0456,32-X0461,0.5630252100840336
X0456,32-X0489,0.4579831932773109
X0456,32-X0503,0.09663865546218488
X0456,32-X0494,0.13025210084033614
X0456,32-X0498,0.1722689075630252
X0456,32-X0485,0.23529411764705882
X0456,32-X0501,0.4327731092436975
X0456,32-X0497,0.41596638655462187
X0456,32-X0469,0.3697478991596639
X0456,32-X0468,0.592436974789916
X0456,32-D8838,0.42857142857142855
X0456,32-X0486,0.2815126050420168
X0456,32-X0502,0.24057649667405764
X0456,32-X0504,0.6890756302521008
X0456,32-X0510,0.7318840579710145
X0456,32-X0483,0.42016806722689076
X0456,X0454,0.6680672268907563
X0456,X0506,0.11764705882352941
X0456,X0509,0.15546218487394958
X0456,X0496,0.18067226890756302
X0456,X0482,0.2773109243697479
X0456,X0508,0.16806722689075632
X0456,X0456,1.0
X0456,27-Pure27,0.08403361344537816
X0456,27-T2735,0.7165354330708661
X0456,27-T1701,0.5882352941176471
X0456,27-T1703,0.3067226890756303
X0456,27-X0500,0.4327731092436975
X0456,27-X0495,0.23949579831932774
X0456,27-X0488,0.09243697478991597
X0456,27-X0471,0.19327731092436976
X0456,27-X0462,0.1092436974789916
X0456,27-X0474,0.18907563025210083
X0456,27-X0475,0.36134453781512604
X0456,27-X0479,0.18487394957983194
X0456,3-T1700,0.6386554621848739
X0456,3-X0464,0.6848739495798319
X0456,3-X0466,0.4411764705882353
X0456,3-X0478,0.11764705882352941
X0456,3-X0487,0.4327731092436975
X0456,3-X0493,0.3235294117647059
X0456,3-X0505,0.3739495798319328
27-Pure27,32-Pure32,0.43478260869565216
27-Pure27,32-X0459,0.15966386554621848
27-Pure27,32-X0461,0.13333333333333333
27-Pure27,32-X0489,0.15
27-Pure27,32-X0503,0.43478260869565216
27-Pure27,32-X0494,0.3870967741935484
27-Pure27,32-X0498,0.4878048780487805
27-Pure27,32-X0485,0.25862068965517243
27-Pure27,32-X0501,0.16346153846153846
27-Pure27,32-X0497,0.18627450980392157
27-Pure27,32-X0469,0.21739130434782608
27-Pure27,32-X0468,0.12418300653594772
27-Pure27,32-D8838,0.10526315789473684
27-Pure27,32-X0486,0.2571428571428571
27-Pure27,32-X0502,0.02106430155210643
27-Pure27,32-X0504,0.10152284263959391
27-Pure27,32-X0510,0.07246376811594203
27-Pure27,32-X0483,0.16981132075471697
27-Pure27,X0454,0.10810810810810811
27-Pure27,X0506,0.25806451612903225
27-Pure27,X0509,0.3684210526315789
27-Pure27,X0496,0.3488372093023256
27-Pure27,X0482,0.26865671641791045
27-Pure27,X0508,0.325
27-Pure27,X0456,0.08403361344537816
27-Pure27,27-Pure27,1.0
27-Pure27,27-T2735,0.07874015748031496
27-Pure27,27-T1701,0.1282051282051282
27-Pure27,27-T1703,0.2564102564102564
27-Pure27,27-X0500,0.18181818181818182
27-Pure27,27-X0495,0.3448275862068966
27-Pure27,27-X0488,0.3181818181818182
27-Pure27,27-X0471,0.425531914893617
27-Pure27,27-X0462,0.5769230769230769
27-Pure27,27-X0474,0.4222222222222222
27-Pure27,27-X0475,0.22727272727272727
27-Pure27,27-X0479,0.36363636363636365
27-Pure27,3-T1700,0.11494252873563218
27-Pure27,3-X0464,0.0972972972972973
27-Pure27,3-X0466,0.17094017094017094
27-Pure27,3-X0478,0.5
27-Pure27,3-X0487,0.18867924528301888
27-Pure27,3-X0493,0.24050632911392406
27-Pure27,3-X0505,0.18947368421052632
27-T2735,32-Pure32,0.09055118110236221
27-T2735,32-X0459,0.4094488188976378
27-T2735,32-X0461,0.5078740157480315
27-T2735,32-X0489,0.4094488188976378
27-T2735,32-X0503,0.09055118110236221
27-T2735,32-X0494,0.1220472440944882
27-T2735,32-X0498,0.15748031496062992
27-T2735,32-X0485,0.22440944881889763
27-T2735,32-X0501,0.37401574803149606
27-T2735,32-X0497,0.38188976377952755
27-T2735,32-X0469,0.3464566929133858
27-T2735,32-X0468,0.5196850393700787
27-T2735,32-D8838,0.32677165354330706
27-T2735,32-X0486,0.25196850393700787
27-T2735,32-X0502,0.25942350332594233
27-T2735,32-X0504,0.6220472440944882
27-T2735,32-X0510,0.717391304347826
27-T2735,32-X0483,0.3661417322834646
27-T2735,X0454,0.6023622047244095
27-T2735,X0506,0.11023622047244094
27-T2735,X0509,0.14566929133858267
27-T2735,X0496,0.16141732283464566
27-T2735,X0482,0.2440944881889764
27-T2735,X0508,0.15354330708661418
27-T2735,X0456,0.7165354330708661
27-T2735,27-Pure27,0.07874015748031496
27-T2735,27-T2735,1.0
27-T2735,27-T1701,0.5748031496062992
27-T2735,27-T1703,0.25196850393700787
27-T2735,27-X0500,0.3937007874015748
27-T2735,27-X0495,0.20866141732283464
27-T2735,27-X0488,0.08661417322834646
27-T2735,27-X0471,0.18110236220472442
27-T2735,27-X0462,0.0984251968503937
27-T2735,27-X0474,0.16929133858267717
27-T2735,27-X0475,0.32677165354330706
27-T2735,27-X0479,0.16929133858267717
27-T2735,3-T1700,0.6062992125984252
27-T2735,3-X0464,0.6023622047244095
27-T2735,3-X0466,0.41338582677165353
27-T2735,3-X0478,0.11023622047244094
27-T2735,3-X0487,0.38976377952755903
27-T2735,3-X0493,0.3031496062992126
27-T2735,3-X0505,0.3346456692913386
27-T1701,32-Pure32,0.14743589743589744
27-T1701,32-X0459,0.6346153846153846
27-T1701,32-X0461,0.7692307692307693
27-T1701,32-X0489,0.6346153846153846
27-T1701,32-X0503,0.14743589743589744
27-T1701,32-X0494,0.19230769230769232
27-T1701,32-X0498,0.26282051282051283
27-T1701,32-X0485,0.36538461538461536
27-T1701,32-X0501,0.6217948717948718
27-T1701,32-X0497,0.6089743589743589
27-T1701,32-X0469,0.5256410256410257
27-T1701,32-X0468,0.7692307692307693
27-T1701,32-D8838,0.48717948717948717
27-T1701,32-X0486,0.4230769230769231
27-T1701,32-X0502,0.16518847006651885
27-T1701,32-X0504,0.6751269035532995
27-T1701,32-X0510,0.5398550724637681
27-T1701,32-X0483,0.5705128205128205
27-T1701,X0454,0.6756756756756757
27-T1701,X0506,0.16025641025641027
27-T1701,X0509,0.23717948717948717
27-T1701,X0496,0.2692307692307692
27-T1701,X0482,0.4230769230769231
27-T1701,X0508,0.2564102564102564
27-T1701,X0456,0.5882352941176471
27-T1701,27-Pure27,0.1282051282051282
27-T1701,27-T2735,0.5748031496062992
27-T1701,27-T1701,1.0
27-T1701,27-T1703,0.4423076923076923
27-T1701,27-X0500,0.6410256410256411
27-T1701,27-X0495,0.3717948717948718
27-T1701,27-X0488,0.1346153846153846
27-T1701,27-X0471,0.28205128205128205
27-T1701,27-X0462,0.16666666666666666
27-T1701,27-X0474,0.28205128205128205
27-T1701,27-X0475,0.5576923076923077
27-T1701,27-X0479,0.28205128205128205
27-T1701,3-T1700,0.7241379310344828
27-T1701,3-X0464,0.7243243243243244
27-T1701,3-X0466,0.6153846153846154
27-T1701,3-X0478,0.1794871794871795
27-T1701,3-X0487,0.6089743589743589
27-T1701,3-X0493,0.46794871794871795
27-T1701,3-X0505,0.5448717948717948
27-T1703,32-Pure32,0.2948717948717949
27-T1703,32-X0459,0.48739495798319327
27-T1703,32-X0461,0.48
27-T1703,32-X0489,0.49166666666666664
27-T1703,32-X0503,0.2948717948717949
27-T1703,32-X0494,0.3333333333333333
27-T1703,32-X0498,0.48717948717948717
27-T1703,32-X0485,0.5384615384615384
27-T1703,32-X0501,0.5673076923076923
27-T1703,32-X0497,0.5686274509803921
27-T1703,32-X0469,0.5434782608695652
27-T1703,32-X0468,0.40522875816993464
27-T1703,32-D8838,0.3618421052631579
27-T1703,32-X0486,0.6410256410256411
27-T1703,32-X0502,0.082039911308204
27-T1703,32-X0504,0.3756345177664975
27-T1703,32-X0510,0.27898550724637683
27-T1703,32-X0483,0.5283018867924528
27-T1703,X0454,0.34594594594594597
27-T1703,X0506,0.23076923076923078
27-T1703,X0509,0.46153846153846156
27-T1703,X0496,0.5
27-T1703,X0482,0.6666666666666666
27-T1703,X0508,0.4358974358974359
27-T1703,X0456,0.3067226890756303
27-T1703,27-Pure27,0.2564102564102564
27-T1703,27-T2735,0.25196850393700787
27-T1703,27-T1701,0.4423076923076923
27-T1703,27-T1703,1.0
27-T1703,27-X0500,0.6363636363636364
27-T1703,27-X0495,0.6153846153846154
27-T1703,27-X0488,0.2692307692307692
27-T1703,27-X0471,0.5
27-T1703,27-X0462,0.32051282051282054
27-T1703,27-X0474,0.5256410256410257
27-T1703,27-X0475,0.6704545454545454
27-T1703,27-X0479,0.46153846153846156
27-T1703,3-T1700,0.39080459770114945
27-T1703,3-X0464,0.3567567567567568
27-T1703,3-X0466,0.5042735042735043
27-T1703,3-X0478,0.358974358974359
27-T1703,3-X0487,0.5943396226415094
27-T1703,3-X0493,0.6075949367088608
27-T1703,3-X0505,0.6210526315789474
27-X0500,32-Pure32,0.20909090909090908
27-X0500,32-X0459,0.6638655462184874
27-X0500,32-X0461,0.62
27-X0500,32-X0489,0.6583333333333333
27-X0500,32-X0503,0.20909090909090908
27-X0500,32-X0494,0.2545454545454545
27-X0500,32-X0498,0.36363636363636365
27-X0500,32-X0485,0.4636363636363636
27-X0500,32-X0501,0.7181818181818181
27-X0500,32-X0497,0.6909090909090909
27-X0500,32-X0469,0.5909090909090909
27-X0500,32-X0468,0.5882352941176471
27-X0500,32-D8838,0.40789473684210525
27-X0500,32-X0486,0.4909090909090909
27-X0500,32-X0502,0.1164079822616408
27-X0500,32-X0504,0.49746192893401014
27-X0500,32-X0510,0.391304347826087
27-X0500,32-X0483,0.6545454545454545
27-X0500,X0454,0.4918918918918919
27-X0500,X0506,0.21818181818181817
27-X0500,X0509,0.33636363636363636
27-X0500,X0496,0.38181818181818183
27-X0500,X0482,0.5363636363636364
27-X0500,X0508,0.34545454545454546
27-X0500,X0456,0.4327731092436975
27-X0500,27-Pure27,0.18181818181818182
27-X0500,27-T2735,0.3937007874015748
27-X0500,27-T1701,0.6410256410256411
27-X0500,27-T1703,0.6363636363636364
27-X0500,27-X0500,1.0
27-X0500,27-X0495,0.4818181818181818
27-X0500,27-X0488,0.19090909090909092
27-X0500,27-X0471,0.4090909090909091
27-X0500,27-X0462,0.23636363636363636
27-X0500,27-X0474,0.39090909090909093
27-X0500,27-X0475,0.6818181818181818
27-X0500,27-X0479,0.36363636363636365
27-X0500,3-T1700,0.5747126436781609
27-X0500,3-X0464,0.518918918918919
27-X0500,3-X0466,0.6923076923076923
27-X0500,3-X0478,0.2545454545454545
27-X0500,3-X0487,0.7545454545454545
27-X0500,3-X0493,0.5545454545454546
27-X0500,3-X0505,0.6909090909090909
27-X0495,32-Pure32,0.3620689655172414
27-X0495,32-X0459,0.453781512605042
27-X0495,32-X0461,0.38666666666666666
27-X0495,32-X0489,0.44166666666666665
27-X0495,32-X0503,0.3620689655172414
27-X0495,32-X0494,0.41379310344827586
27-X0495,32-X0498,0.6206896551724138
27-X0495,32-X0485,0.6379310344827587
27-X0495,32-X0501,0.5
27-X0495,32-X0497,0.5294117647058824
27-X0495,32-X0469,0.5543478260869565
27-X0495,32-X0468,0.37254901960784315
27-X0495,32-D8838,0.29605263157894735
27-X0495,32-X0486,0.6857142857142857
27-X0495,32-X0502,0.06097560975609756
27-X0495,32-X0504,0.27918781725888325
27-X0495,32-X0510,0.21014492753623187
27-X0495,32-X0483,0.49056603773584906
27-X0495,X0454,0.2918918918918919
27-X0495,X0506,0.3448275862068966
27-X0495,X0509,0.5689655172413793
27-X0495,X0496,0.6379310344827587
27-X0495,X0482,0.7313432835820896
27-X0495,X0508,0.5517241379310345
27-X0495,X0456,0.23949579831932774
27-X0495,27-Pure27,0.3448275862068966
27-X0495,27-T2735,0.20866141732283464
27-X0495,27-T1701,0.3717948717948718
27-X0495,27-T1703,0.6153846153846154
27-X0495,27-X0500,0.4818181818181818
27-X0495,27-X0495,1.0
27-X0495,27-X0488,0.3448275862068966
27-X0495,27-X0471,0.7068965517241379
27-X0495,27-X0462,0.39655172413793105
27-X0495,27-X0474,0.6724137931034483
27-X0495,27-X0475,0.6022727272727273
27-X0495,27-X0479,0.6379310344827587
27-X0495,3-T1700,0.3103448275862069
27-X0495,3-X0464,0.2864864864864865
27-X0495,3-X0466,0.46153846153846156
27-X0495,3-X0478,0.4482758620689655
27-X0495,3-X0487,0.5
27-X0495,3-X0493,0.620253164556962
27-X0495,3-X0505,0.5578947368421052
27-X0488,32-Pure32,0.7391304347826086
27-X0488,32-X0459,0.17647058823529413
27-X0488,32-X0461,0.14
27-X0488,32-X0489,0.175
27-X0488,32-X0503,0.7391304347826086
27-X0488,32-X0494,0.5806451612903226
27-X0488,32-X0498,0.4878048780487805
27-X0488,32-X0485,0.3448275862068966
27-X0488,32-X0501,0.19230769230769232
27-X0488,32-X0497,0.20588235294117646
27-X0488,32-X0469,0.22826086956521738
27-X0488,32-X0468,0.13725490196078433
27-X0488,32-D8838,0.13815789473684212
27-X0488,32-X0486,0.2857142857142857
27-X0488,32-X0502,0.024390243902439025
27-X0488,32-X0504,0.1065989847715736
27-X0488,32-X0510,0.07971014492753623
27-X0488,32-X0483,0.19811320754716982
27-X0488,X0454,0.11351351351351352
27-X0488,X0506,0.45161290322580644
27-X0488,X0509,0.5
27-X0488,X0496,0.4186046511627907
27-X0488,X0482,0.29850746268656714
27-X0488,X0508,0.425
27-X0488,X0456,0.09243697478991597
27-X0488,27-Pure27,0.3181818181818182
27-X0488,27-T2735,0.08661417322834646
27-X0488,27-T1701,0.1346153846153846
27-X0488,27-T1703,0.2692307692307692
27-X0488,27-X0500,0.19090909090909092
27-X0488,27-X0495,0.3448275862068966
27-X0488,27-X0488,1.0
27-X0488,27-X0471,0.3404255319148936
27-X0488,27-X0462,0.4230769230769231
27-X0488,27-X0474,0.4
27-X0488,27-X0475,0.23863636363636365
27-X0488,27-X0479,0.4090909090909091
27-X0488,3-T1700,0.1206896551724138
27-X0488,3-X0464,0.11891891891891893
27-X0488,3-X0466,0.17094017094017094
27-X0488,3-X0478,0.6428571428571429
27-X0488,3-X0487,0.19811320754716982
27-X0488,3-X0493,0.26582278481012656
27-X0488,3-X0505,0.22105263157894736
27-X0471,32-Pure32,0.40425531914893614
27-X0471,32-X0459,0.3445378151260504
27-X0471,32-X0461,0.30666666666666664
27-X0471,32-X0489,0.3333333333333333
27-X0471,32-X0503,0.40425531914893614
27-X0471,32-X0494,0.46808510638297873
27-X0471,32-X0498,0.6595744680851063
27-X0471,32-X0485,0.5344827586206896
27-X0471,32-X0501,0.3942307692307692
27-X0471,32-X0497,0.4117647058823529
27-X0471,32-X0469,0.4782608695652174
27-X0471,32-X0468,0.3006535947712418
27-X0471,32-D8838,0.23026315789473684
27-X0471,32-X0486,0.5285714285714286
27-X0471,32-X0502,0.04767184035476718
27-X0471,32-X0504,0.233502538071066
27-X0471,32-X0510,0.17028985507246377
27-X0471,32-X0483,0.37735849056603776
27-X0471,X0454,0.24324324324324326
27-X0471,X0506,0.3404255319148936
27-X0471,X0509,0.6382978723404256
27-X0471,X0496,0.6595744680851063
27-X0471,X0482,0.5522388059701493
27-X0471,X0508,0.574468085106383
27-X0471,X0456,0.19327731092436976
27-X0471,27-Pure27,0.425531914893617
27-X0471,27-T2735,0.18110236220472442
27-X0471,27-T1701,0.28205128205128205
27-X0471,27-T1703,0.5
27-X0471,27-X0500,0.4090909090909091
27-X0471,27-X0495,0.7068965517241379
27-X0471,27-X0488,0.3404255319148936
27-X0471,27-X0471,1.0
27-X0471,27-X0462,0.46808510638297873
27-X0471,27-X0474,0.7021276595744681
27-X0471,27-X0475,0.45454545454545453
27-X0471,27-X0479,0.6808510638297872
27-X0471,3-T1700,0.26436781609195403
27-X0471,3-X0464,0.23243243243243245
27-X0471,3-X0466,0.3504273504273504
27-X0471,3-X0478,0.5531914893617021
27-X0471,3-X0487,0.4056603773584906
27-X0471,3-X0493,0.46835443037974683
27-X0471,3-X0505,0.43157894736842106
27-X0462,32-Pure32,0.5
27-X0462,32-X0459,0.21008403361344538
27-X0462,32-X0461,0.16666666666666666
27-X0462,32-X0489,0.2
27-X0462,32-X0503,0.5
27-X0462,32-X0494,0.45161290322580644
27-X0462,32-X0498,0.4878048780487805
27-X0462,32-X0485,0.3275862068965517
27-X0462,32-X0501,0.23076923076923078
27-X0462,32-X0497,0.24509803921568626
27-X0462,32-X0469,0.2608695652173913
27-X0462,32-X0468,0.16339869281045752
27-X0462,32-D8838,0.15789473684210525
27-X0462,32-X0486,0.34285714285714286
27-X0462,32-X0502,0.026607538802660754
27-X0462,32-X0504,0.1319796954314721
27-X0462,32-X0510,0.09420289855072464
27-X0462,32-X0483,0.2358490566037736
27-X0462,X0454,0.14054054054054055
27-X0462,X0506,0.3225806451612903
27-X0462,X0509,0.5263157894736842
27-X0462,X0496,0.46511627906976744
27-X0462,X0482,0.34328358208955223
27-X0462,X0508,0.45
27-X0462,X0456,0.1092436974789916
27-X0462,27-Pure27,0.5769230769230769
27-X0462,27-T2735,0.0984251968503937
27-X0462,27-T1701,0.16666666666666666
27-X0462,27-T1703,0.32051282051282054
27-X0462,27-X0500,0.23636363636363636
27-X0462,27-X0495,0.39655172413793105
27-X0462,27-X0488,0.4230769230769231
27-X0462,27-X0471,0.46808510638297873
27-X0462,27-X0462,1.0
27-X0462,27-X0474,0.5111111111111111
27-X0462,27-X0475,0.29545454545454547
27-X0462,27-X0479,0.45454545454545453
27-X0462,3-T1700,0.14942528735632185
27-X0462,3-X0464,0.13513513513513514
27-X0462,3-X0466,0.2222222222222222
27-X0462,3-X0478,0.5714285714285714
27-X0462,3-X0487,0.24528301886792453
27-X0462,3-X0493,0.26582278481012656
27-X0462,3-X0505,0.25263157894736843
27-X0474,32-Pure32,0.4
27-X0474,32-X0459,0.3697478991596639
27-X0474,32-X0461,0.3
27-X0474,32-X0489,0.35833333333333334
27-X0474,32-X0503,0.4
27-X0474,32-X0494,0.4444444444444444
27-X0474,32-X0498,0.7111111111111111
27-X0474,32-X0485,0.5172413793103449
27-X0474,32-X0501,0.40384615384615385
27-X0474,32-X0497,0.4019607843137255
27-X0474,32-X0469,0.42391304347826086
27-X0474,32-X0468,0.27450980392156865
27-X0474,32-D8838,0.23684210526315788
27-X0474,32-X0486,0.5
27-X0474,32-X0502,0.04767184035476718
27-X0474,32-X0504,0.22842639593908629
27-X0474,32-X0510,0.16304347826086957
27-X0474,32-X0483,0.37735849056603776
27-X0474,X0454,0.24324324324324326
27-X0474,X0506,0.35555555555555557
27-X0474,X0509,0.6444444444444445
27-X0474,X0496,0.7111111111111111
27-X0474,X0482,0.582089552238806
27-X0474,X0508,0.6444444444444445
27-X0474,X0456,0.18907563025210083
27-X0474,27-Pure27,0.4222222222222222
27-X0474,27-T2735,0.16929133858267717
27-X0474,27-T1701,0.28205128205128205
27-X0474,27-T1703,0.5256410256410257
27-X0474,27-X0500,0.39090909090909093
27-X0474,27-X0495,0.6724137931034483
27-X0474,27-X0488,0.4
27-X0474,27-X0471,0.7021276595744681
27-X0474,27-X0462,0.5111111111111111
27-X0474,27-X0474,1.0
27-X0474,27-X0475,0.5
27-X0474,27-X0479,0.7111111111111111
27-X0474,3-T1700,0.2471264367816092
27-X0474,3-X0464,0.23243243243243245
27-X0474,3-X0466,0.358974358974359
27-X0474,3-X0478,0.5333333333333333
27-X0474,3-X0487,0.41509433962264153
27-X0474,3-X0493,0.46835443037974683
27-X0474,3-X0505,0.4
27-X0475,32-Pure32,0.25
27-X0475,32-X0459,0.5546218487394958
27-X0475,32-X0461,0.5266666666666666
27-X0475,32-X0489,0.5416666666666666
27-X0475,32-X0503,0.25
27-X0475,32-X0494,0.29545454545454547
27-X0475,32-X0498,0.42045454545454547
27-X0475,32-X0485,0.48863636363636365
27-X0475,32-X0501,0.6730769230769231
27-X0475,32-X0497,0.6372549019607843
27-X0475,32-X0469,0.6304347826086957
27-X0475,32-X0468,0.49673202614379086
27-X0475,32-D8838,0.3355263157894737
27-X0475,32-X0486,0.5909090909090909
27-X0475,32-X0502,0.09201773835920177
27-X0475,32-X0504,0.41116751269035534
27-X0475,32-X0510,0.3188405797101449
27-X0475,32-X0483,0.5849056603773585
27-X0475,X0454,0.43243243243243246
27-X0475,X0506,0.25
27-X0475,X0509,0.3977272727272727
27-X0475,X0496,0.45454545454545453
27-X0475,X0482,0.625
27-X0475,X0508,0.4090909090909091
27-X0475,X0456,0.36134453781512604
27-X0475,27-Pure27,0.22727272727272727
27-X0475,27-T2735,0.32677165354330706
27-X0475,27-T1701,0.5576923076923077
27-X0475,27-T1703,0.6704545454545454
27-X0475,27-X0500,0.6818181818181818
27-X0475,27-X0495,0.6022727272727273
27-X0475,27-X0488,0.23863636363636365
27-X0475,27-X0471,0.45454545454545453
27-X0475,27-X0462,0.29545454545454547
27-X0475,27-X0474,0.5
27-X0475,27-X0475,1.0
27-X0475,27-X0479,0.4431818181818182
27-X0475,3-T1700,0.47701149425287354
27-X0475,3-X0464,0.44324324324324327
27-X0475,3-X0466,0.5897435897435898
27-X0475,3-X0478,0.3068181818181818
27-X0475,3-X0487,0.6886792452830188
27-X0475,3-X0493,0.6477272727272727
27-X0475,3-X0505,0.7368421052631579
27-X0479,32-Pure32,0.4318181818181818
27-X0479,32-X0459,0.3445378151260504
27-X0479,32-X0461,0.2866666666666667
27-X0479,32-X0489,0.3416666666666667
27-X0479,32-X0503,0.4318181818181818
27-X0479,32-X0494,0.4772727272727273
27-X0479,32-X0498,0.6818181818181818
27-X0479,32-X0485,0.5689655172413793
27-X0479,32-X0501,0.38461538461538464
27-X0479,32-X0497,0.4215686274509804
27-X0479,32-X0469,0.43478260869565216
27-X0479,32-X0468,0.2875816993464052
27-X0479,32-D8838,0.23684210526315788
27-X0479,32-X0486,0.5285714285714286
27-X0479,32-X0502,0.04767184035476718
27-X0479,32-X0504,0.2182741116751269
27-X0479,32-X0510,0.15942028985507245
27-X0479,32-X0483,0.39622641509433965
27-X0479,X0454,0.23243243243243245
27-X0479,X0506,0.38636363636363635
27-X0479,X0509,0.6590909090909091
27-X0479,X0496,0.6818181818181818
27-X0479,X0482,0.582089552238806
27-X0479,X0508,0.6590909090909091
27-X0479,X0456,0.18487394957983194
27-X0479,27-Pure27,0.36363636363636365
27-X0479,27-T2735,0.16929133858267717
27-X0479,27-T1701,0.28205128205128205
27-X0479,27-T1703,0.46153846153846156
27-X0479,27-X0500,0.36363636363636365
27-X0479,27-X0495,0.6379310344827587
27-X0479,27-X0488,0.4090909090909091
27-X0479,27-X0471,0.6808510638297872
27-X0479,27-X0462,0.45454545454545453
27-X0479,27-X0474,0.7111111111111111
27-X0479,27-X0475,0.4431818181818182
27-X0479,27-X0479,1.0
27-X0479,3-T1700,0.2471264367816092
27-X0479,3-X0464,0.23243243243243245
27-X0479,3-X0466,0.3418803418803419
27-X0479,3-X0478,0.5454545454545454
27-X0479,3-X0487,0.41509433962264153
27-X0479,3-X0493,0.5063291139240507
27-X0479,3-X0505,0.4421052631578947
3-T1700,32-Pure32,0.13218390804597702
3-T1700,32-X0459,0.5574712643678161
3-T1700,32-X0461,0.6896551724137931
3-T1700,32-X0489,0.5574712643678161
3-T1700,32-X0503,0.13218390804597702
3-T1700,32-X0494,0.1781609195402299
3-T1700,32-X0498,0.23563218390804597
3-T1700,32-X0485,0.3218390804597701
3-T1700,32-X0501,0.5344827586206896
3-T1700,32-X0497,0.5344827586206896
3-T1700,32-X0469,0.4827586206896552
3-T1700,32-X0468,0.7011494252873564
3-T1700,32-D8838,0.41954022988505746
3-T1700,32-X0486,0.3620689655172414
3-T1700,32-X0502,0.17849223946784923
3-T1700,32-X0504,0.7157360406091371
3-T1700,32-X0510,0.5833333333333334
3-T1700,32-X0483,0.5344827586206896
3-T1700,X0454,0.7135135135135136
3-T1700,X0506,0.14942528735632185
3-T1700,X0509,0.21264367816091953
3-T1700,X0496,0.2413793103448276
3-T1700,X0482,0.367816091954023
3-T1700,X0508,0.22988505747126436
3-T1700,X0456,0.6386554621848739
3-T1700,27-Pure27,0.11494252873563218
3-T1700,27-T2735,0.6062992125984252
3-T1700,27-T1701,0.7241379310344828
3-T1700,27-T1703,0.39080459770114945
3-T1700,27-X0500,0.5747126436781609
3-T1700,27-X0495,0.3103448275862069
3-T1700,27-X0488,0.1206896551724138
3-T1700,27-X0471,0.26436781609195403
3-T1700,27-X0462,0.14942528735632185
3-T1700,27-X0474,0.2471264367816092
3-T1700,27-X0475,0.47701149425287354
3-T1700,27-X0479,0.2471264367816092
3-T1700,3-T1700,1.0
3-T1700,3-X0464,0.745945945945946
3-T1700,3-X0466,0.5689655172413793
3-T1700,3-X0478,0.16091954022988506
3-T1700,3-X0487,0.5287356321839081
3-T1700,3-X0493,0.41954022988505746
3-T1700,3-X0505,0.4942528735632184
3-X0464,32-Pure32,0.12432432432432433
3-X0464,32-X0459,0.518918918918919
3-X0464,32-X0461,0.6324324324324324
3-X0464,32-X0489,0.5297297297297298
3-X0464,32-X0503,0.12432432432432433
3-X0464,32-X0494,0.15675675675675677
3-X0464,32-X0498,0.21081081081081082
3-X0464,32-X0485,0.2972972972972973
3-X0464,32-X0501,0.5297297297297298
3-X0464,32-X0497,0.5027027027027027
3-X0464,32-X0469,0.44324324324324327
3-X0464,32-X0468,0.6594594594594595
3-X0464,32-D8838,0.43243243243243246
3-X0464,32-X0486,0.35135135135135137
3-X0464,32-X0502,0.19401330376940132
3-X0464,32-X0504,0.7563451776649747
3-X0464,32-X0510,0.6159420289855072
3-X0464,32-X0483,0.5135135135135135
3-X0464,X0454,0.7405405405405405
3-X0464,X0506,0.12972972972972974
3-X0464,X0509,0.2
3-X0464,X0496,0.22162162162162163
3-X0464,X0482,0.34594594594594597
3-X0464,X0508,0.21621621621621623
3-X0464,X0456,0.6848739495798319
3-X0464,27-Pure27,0.0972972972972973
3-X0464,27-T2735,0.6023622047244095
3-X0464,27-T1701,0.7243243243243244
3-X0464,27-T1703,0.3567567567567568
3-X0464,27-X0500,0.518918918918919
3-X0464,27-X0495,0.2864864864864865
3-X0464,27-X0488,0.11891891891891893
3-X0464,27-X0471,0.23243243243243245
3-X0464,27-X0462,0.13513513513513514
3-X0464,27-X0474,0.23243243243243245
3-X0464,27-X0475,0.44324324324324327
3-X0464,27-X0479,0.23243243243243245
3-X0464,3-T1700,0.745945945945946
3-X0464,3-X0464,1.0
3-X0464,3-X0466,0.5351351351351351
3-X0464,3-X0478,0.14594594594594595
3-X0464,3-X0487,0.5081081081081081
3-X0464,3-X0493,0.3945945945945946
3-X0464,3-X0505,0.4648648648648649
3-X0466,32-Pure32,0.18803418803418803
3-X0466,32-X0459,0.6638655462184874
3-X0466,32-X0461,0.6066666666666667
3-X0466,32-X0489,0.6583333333333333
3-X0466,32-X0503,0.18803418803418803
3-X0466,32-X0494,0.23931623931623933
3-X0466,32-X0498,0.3418803418803419
3-X0466,32-X0485,0.42735042735042733
3-X0466,32-X0501,0.6581196581196581
3-X0466,32-X0497,0.6495726495726496
3-X0466,32-X0469,0.5897435897435898
3-X0466,32-X0468,0.6013071895424836
3-X0466,32-D8838,0.4276315789473684
3-X0466,32-X0486,0.48717948717948717
3-X0466,32-X0502,0.12195121951219512
3-X0466,32-X0504,0.5076142131979695
3-X0466,32-X0510,0.39855072463768115
3-X0466,32-X0483,0.6410256410256411
3-X0466,X0454,0.5567567567567567
3-X0466,X0506,0.18803418803418803
3-X0466,X0509,0.3076923076923077
3-X0466,X0496,0.3418803418803419
3-X0466,X0482,0.5128205128205128
3-X0466,X0508,0.3162393162393162
3-X0466,X0456,0.4411764705882353
3-X0466,27-Pure27,0.17094017094017094
3-X0466,27-T2735,0.41338582677165353
3-X0466,27-T1701,0.6153846153846154
3-X0466,27-T1703,0.5042735042735043
3-X0466,27-X0500,0.6923076923076923
3-X0466,27-X0495,0.46153846153846156
3-X0466,27-X0488,0.17094017094017094
3-X0466,27-X0471,0.3504273504273504
3-X0466,27-X0462,0.2222222222222222
3-X0466,27-X0474,0.358974358974359
3-X0466,27-X0475,0.5897435897435898
3-X0466,27-X0479,0.3418803418803419
3-X0466,3-T1700,0.5689655172413793
3-X0466,3-X0464,0.5351351351351351
3-X0466,3-X0466,1.0
3-X0466,3-X0478,0.23076923076923078
3-X0466,3-X0487,0.6837606837606838
3-X0466,3-X0493,0.5384615384615384
3-X0466,3-X0505,0.6153846153846154
3-X0478,32-Pure32,0.7142857142857143
3-X0478,32-X0459,0.226890756302521
3-X0478,32-X0461,0.18666666666666668
3-X0478,32-X0489,0.225
3-X0478,32-X0503,0.7142857142857143
3-X0478,32-X0494,0.7096774193548387
3-X0478,32-X0498,0.6097560975609756
3-X0478,32-X0485,0.46551724137931033
3-X0478,32-X0501,0.25
3-X0478,32-X0497,0.2647058823529412
3-X0478,32-X0469,0.29347826086956524
3-X0478,32-X0468,0.17647058823529413
3-X0478,32-D8838,0.16447368421052633
3-X0478,32-X0486,0.38571428571428573
3-X0478,32-X0502,0.031042128603104215
3-X0478,32-X0504,0.14213197969543148
3-X0478,32-X0510,0.10144927536231885
3-X0478,32-X0483,0.25471698113207547
3-X0478,X0454,0.15135135135135136
3-X0478,X0506,0.45161290322580644
3-X0478,X0509,0.631578947368421
3-X0478,X0496,0.4883720930232558
3-X0478,X0482,0.3880597014925373
3-X0478,X0508,0.575
3-X0478,X0456,0.11764705882352941
3-X0478,27-Pure27,0.5
3-X0478,27-T2735,0.11023622047244094
3-X0478,27-T1701,0.1794871794871795
3-X0478,27-T1703,0.358974358974359
3-X0478,27-X0500,0.2545454545454545
3-X0478,27-X0495,0.4482758620689655
3-X0478,27-X0488,0.6428571428571429
3-X0478,27-X0471,0.5531914893617021
3-X0478,27-X0462,0.5714285714285714
3-X0478,27-X0474,0.5333333333333333
3-X0478,27-X0475,0.3068181818181818
3-X0478,27-X0479,0.5454545454545454
3-X0478,3-T1700,0.16091954022988506
3-X0478,3-X0464,0.14594594594594595
3-X0478,3-X0466,0.23076923076923078
3-X0478,3-X0478,1.0
3-X0478,3-X0487,0.2641509433962264
3-X0478,3-X0493,0.35443037974683544
3-X0478,3-X0505,0.29473684210526313
3-X0487,32-Pure32,0.2169811320754717
3-X0487,32-X0459,0.6554621848739496
3-X0487,32-X0461,0.6133333333333333
3-X0487,32-X0489,0.6416666666666667
3-X0487,32-X0503,0.2169811320754717
3-X0487,32-X0494,0.27358490566037735
3-X0487,32-X0498,0.3867924528301887
3-X0487,32-X0485,0.4811320754716981
3-X0487,32-X0501,0.7452830188679245
3-X0487,32-X0497,0.7452830188679245
3-X0487,32-X0469,0.6415094339622641
3-X0487,32-X0468,0.5751633986928104
3-X0487,32-D8838,0.45394736842105265
3-X0487,32-X0486,0.5660377358490566
3-X0487,32-X0502,0.11197339246119734
3-X0487,32-X0504,0.49746192893401014
3-X0487,32-X0510,0.3804347826086957
3-X0487,32-X0483,0.6792452830188679
3-X0487,X0454,0.5081081081081081
3-X0487,X0506,0.2169811320754717
3-X0487,X0509,0.3490566037735849
3-X0487,X0496,0.39622641509433965
3-X0487,X0482,0.5849056603773585
3-X0487,X0508,0.37735849056603776
3-X0487,X0456,0.4327731092436975
3-X0487,27-Pure27,0.18867924528301888
3-X0487,27-T2735,0.38976377952755903
3-X0487,27-T1701,0.6089743589743589
3-X0487,27-T1703,0.5943396226415094
3-X0487,27-X0500,0.7545454545454545
3-X0487,27-X0495,0.5
3-X0487,27-X0488,0.19811320754716982
3-X0487,27-X0471,0.4056603773584906
3-X0487,27-X0462,0.24528301886792453
3-X0487,27-X0474,0.41509433962264153
3-X0487,27-X0475,0.6886792452830188
3-X0487,27-X0479,0.41509433962264153
3-X0487,3-T1700,0.5287356321839081
3-X0487,3-X0464,0.5081081081081081
3-X0487,3-X0466,0.6837606837606838
3-X0487,3-X0478,0.2641509433962264
3-X0487,3-X0487,1.0
3-X0487,3-X0493,0.6037735849056604
3-X0487,3-X0505,0.7075471698113207
3-X0493,32-Pure32,0.2911392405063291
3-X0493,32-X0459,0.5294117647058824
3-X0493,32-X0461,0.48
3-X0493,32-X0489,0.525
3-X0493,32-X0503,0.2911392405063291
3-X0493,32-X0494,0.34177215189873417
3-X0493,32-X0498,0.46835443037974683
3-X0493,32-X0485,0.569620253164557
3-X0493,32-X0501,0.5673076923076923
3-X0493,32-X0497,0.5980392156862745
3-X0493,32-X0469,0.6630434782608695
3-X0493,32-X0468,0.45751633986928103
3-X0493,32-D8838,0.32894736842105265
3-X0493,32-X0486,0.6835443037974683
3-X0493,32-X0502,0.08647450110864745
3-X0493,32-X0504,0.3553299492385787
3-X0493,32-X0510,0.27898550724637683
3-X0493,32-X0483,0.6037735849056604
3-X0493,X0454,0.4
3-X0493,X0506,0.27848101265822783
3-X0493,X0509,0.4430379746835443
3-X0493,X0496,0.4810126582278481
3-X0493,X0482,0.6582278481012658
3-X0493,X0508,0.4810126582278481
3-X0493,X0456,0.3235294117647059
3-X0493,27-Pure27,0.24050632911392406
3-X0493,27-T2735,0.3031496062992126
3-X0493,27-T1701,0.46794871794871795
3-X0493,27-T1703,0.6075949367088608
3-X0493,27-X0500,0.5545454545454546
3-X0493,27-X0495,0.620253164556962
3-X0493,27-X0488,0.26582278481012656
3-X0493,27-X0471,0.46835443037974683
3-X0493,27-X0462,0.26582278481012656
3-X0493,27-X0474,0.46835443037974683
3-X0493,27-X0475,0.6477272727272727
3-X0493,27-X0479,0.5063291139240507
3-X0493,3-T1700,0.41954022988505746
3-X0493,3-X0464,0.3945945945945946
3-X0493,3-X0466,0.5384615384615384
3-X0493,3-X0478,0.35443037974683544
3-X0493,3-X0487,0.6037735849056604
3-X0493,3-X0493,1.0
3-X0493,3-X0505,0.6947368421052632
3-X0505,32-Pure32,0.24210526315789474
3-X0505,32-X0459,0.5882352941176471
3-X0505,32-X0461,0.5533333333333333
3-X0505,32-X0489,0.5833333333333334
3-X0505,32-X0503,0.24210526315789474
3-X0505,32-X0494,0.29473684210526313
3-X0505,32-X0498,0.3684210526315789
3-X0505,32-X0485,0.47368421052631576
3-X0505,32-X0501,0.6826923076923077
3-X0505,32-X0497,0.6862745098039216
3-X0505,32-X0469,0.6631578947368421
3-X0505,32-X0468,0.5098039215686274
3-X0505,32-D8838,0.39473684210526316
3-X0505,32-X0486,0.6105263157894737
3-X0505,32-X0502,0.10199556541019955
3-X0505,32-X0504,0.43147208121827413
3-X0505,32-X0510,0.3333333333333333
3-X0505,32-X0483,0.660377358490566
3-X0505,X0454,0.4540540540540541
3-X0505,X0506,0.23157894736842105
3-X0505,X0509,0.3684210526315789
3-X0505,X0496,0.4
3-X0505,X0482,0.6105263157894737
3-X0505,X0508,0.3894736842105263
3-X0505,X0456,0.3739495798319328
3-X0505,27-Pure27,0.18947368421052632
3-X0505,27-T2735,0.3346456692913386
3-X0505,27-T1701,0.5448717948717948
3-X0505,27-T1703,0.6210526315789474
3-X0505,27-X0500,0.6909090909090909
3-X0505,27-X0495,0.5578947368421052
3-X0505,27-X0488,0.22105263157894736
3-X0505,27-X0471,0.43157894736842106
3-X0505,27-X0462,0.25263157894736843
3-X0505,27-X0474,0.4
3-X0505,27-X0475,0.7368421052631579
3-X0505,27-X0479,0.4421052631578947
3-X0505,3-T1700,0.4942528735632184
3-X0505,3-X0464,0.4648648648648649
3-X0505,3-X0466,0.6153846153846154
3-X0505,3-X0478,0.29473684210526313
3-X0505,3-X0487,0.7075471698113207
3-X0505,3-X0493,0.6947368421052632
3-X0505,3-X0505,1.0
